Workbook

Sheet Your videos
A1: One line per video. Ten minutes, once a week.
A2: Once a week, open your insights and add the videos that have been up two weeks. The four dark boxes are the ones that matter. The lighter ones are optional, and filling them in gives you a sharper answer.
A4: Date posted | B4: What kind of video | C4: Views after 2 weeks | D4: Shares | E4: Share rate | F4: What you wore | G4: Where you filmed it | H4: What time you posted | I4: How you opened it
E5: =IF(N(C5)=0,"",D5/C5)
E6: =IF(N(C6)=0,"",D6/C6)
E7: =IF(N(C7)=0,"",D7/C7)
E8: =IF(N(C8)=0,"",D8/C8)
E9: =IF(N(C9)=0,"",D9/C9)
E10: =IF(N(C10)=0,"",D10/C10)
E11: =IF(N(C11)=0,"",D11/C11)
E12: =IF(N(C12)=0,"",D12/C12)
E13: =IF(N(C13)=0,"",D13/C13)
E14: =IF(N(C14)=0,"",D14/C14)
E15: =IF(N(C15)=0,"",D15/C15)
E16: =IF(N(C16)=0,"",D16/C16)
... E404: =IF(N(C404)=0,"",D404/C404)

Sheet Your lives
A1: One line per stream
A2: Fill it in the same day, right after you delete the replay. Four streams in and you can see which kind keeps people watching.
A4: Date | B4: What you did | C4: Minutes live | D4: Most viewers at once | E4: How long people stayed (mins) | F4: New followers | G4: Taps on your link
A127: Most viewers at once came from | C127: =IFERROR(INDEX(B5:B124,MATCH(MAX(D5:D124),D5:D124,0)),"")
A128: People stayed longest on | C128: =IFERROR(INDEX(B5:B124,MATCH(MAX(E5:E124),E5:E124,0)),"")

Sheet The answer
A1: What is working
A2: This page fills itself in. Wait until you have two full weeks of numbers before you act on it. A kind of video needs 4 videos behind it before this page will judge it.
A4: What kind of video | B4: Videos | C4: Total views | D4: Average views | E4: Shares | F4: Share rate | G4: Place | H4: What to do
A5: Captions | B5: =COUNTIF('Your videos'!$B$5:$B$404,$A5) | C5: =SUMIF('Your videos'!$B$5:$B$404,$A5,'Your videos'!$C$5:$C$404) | D5: =IF(B5=0,0,C5/B5) | E5: =SUMIF('Your videos'!$B$5:$B$404,$A5,'Your videos'!$D$5:$D$404) | F5: =IF(C5=0,"",E5/C5) | G5: =IF(B5<4,"",RANK(D5,$D$5:$D$24)) | H5: =IF(B5<4,"need 4 videos",IF(COUNTIF($B$5:$B$24,">=4")<4,"keep going",IF(SUMPRODUCT(($B$5:$B$24>=4)*($D$5:$D$24<D5))<2,"CUT","keep")))
A6: Talking head and confessionals | B6: =COUNTIF('Your videos'!$B$5:$B$404,$A6) | C6: =SUMIF('Your videos'!$B$5:$B$404,$A6,'Your videos'!$C$5:$C$404) | D6: =IF(B6=0,0,C6/B6) | E6: =SUMIF('Your videos'!$B$5:$B$404,$A6,'Your videos'!$D$5:$D$404) | F6: =IF(C6=0,"",E6/C6) | G6: =IF(B6<4,"",RANK(D6,$D$5:$D$24)) | H6: =IF(B6<4,"need 4 videos",IF(COUNTIF($B$5:$B$24,">=4")<4,"keep going",IF(SUMPRODUCT(($B$5:$B$24>=4)*($D$5:$D$24<D6))<2,"CUT","keep")))
A7: Posing and outfit check | B7: =COUNTIF('Your videos'!$B$5:$B$404,$A7) | C7: =SUMIF('Your videos'!$B$5:$B$404,$A7,'Your videos'!$C$5:$C$404) | D7: =IF(B7=0,0,C7/B7) | E7: =SUMIF('Your videos'!$B$5:$B$404,$A7,'Your videos'!$D$5:$D$404) | F7: =IF(C7=0,"",E7/C7) | G7: =IF(B7<4,"",RANK(D7,$D$5:$D$24)) | H7: =IF(B7<4,"need 4 videos",IF(COUNTIF($B$5:$B$24,">=4")<4,"keep going",IF(SUMPRODUCT(($B$5:$B$24>=4)*($D$5:$D$24<D7))<2,"CUT","keep")))
A8: Carousels | B8: =COUNTIF('Your videos'!$B$5:$B$404,$A8) | C8: =SUMIF('Your videos'!$B$5:$B$404,$A8,'Your videos'!$C$5:$C$404) | D8: =IF(B8=0,0,C8/B8) | E8: =SUMIF('Your videos'!$B$5:$B$404,$A8,'Your videos'!$D$5:$D$404) | F8: =IF(C8=0,"",E8/C8) | G8: =IF(B8<4,"",RANK(D8,$D$5:$D$24)) | H8: =IF(B8<4,"need 4 videos",IF(COUNTIF($B$5:$B$24,">=4")<4,"keep going",IF(SUMPRODUCT(($B$5:$B$24>=4)*($D$5:$D$24<D8))<2,"CUT","keep")))
A9: Skits | B9: =COUNTIF('Your videos'!$B$5:$B$404,$A9) | C9: =SUMIF('Your videos'!$B$5:$B$404,$A9,'Your videos'!$C$5:$C$404) | D9: =IF(B9=0,0,C9/B9) | E9: =SUMIF('Your videos'!$B$5:$B$404,$A9,'Your videos'!$D$5:$D$404) | F9: =IF(C9=0,"",E9/C9) | G9: =IF(B9<4,"",RANK(D9,$D$5:$D$24)) | H9: =IF(B9<4,"need 4 videos",IF(COUNTIF($B$5:$B$24,">=4")<4,"keep going",IF(SUMPRODUCT(($B$5:$B$24>=4)*($D$5:$D$24<D9))<2,"CUT","keep")))
A10: Thirst trap | B10: =COUNTIF('Your videos'!$B$5:$B$404,$A10) | C10: =SUMIF('Your videos'!$B$5:$B$404,$A10,'Your videos'!$C$5:$C$404) | D10: =IF(B10=0,0,C10/B10) | E10: =SUMIF('Your videos'!$B$5:$B$404,$A10,'Your videos'!$D$5:$D$404) | F10: =IF(C10=0,"",E10/C10) | G10: =IF(B10<4,"",RANK(D10,$D$5:$D$24)) | H10: =IF(B10<4,"need 4 videos",IF(COUNTIF($B$5:$B$24,">=4")<4,"keep going",IF(SUMPRODUCT(($B$5:$B$24>=4)*($D$5:$D$24<D10))<2,"CUT","keep")))
A11: GRWM | B11: =COUNTIF('Your videos'!$B$5:$B$404,$A11) | C11: =SUMIF('Your videos'!$B$5:$B$404,$A11,'Your videos'!$C$5:$C$404) | D11: =IF(B11=0,0,C11/B11) | E11: =SUMIF('Your videos'!$B$5:$B$404,$A11,'Your videos'!$D$5:$D$404) | F11: =IF(C11=0,"",E11/C11) | G11: =IF(B11<4,"",RANK(D11,$D$5:$D$24)) | H11: =IF(B11<4,"need 4 videos",IF(COUNTIF($B$5:$B$24,">=4")<4,"keep going",IF(SUMPRODUCT(($B$5:$B$24>=4)*($D$5:$D$24<D11))<2,"CUT","keep")))
A12: Comedy | B12: =COUNTIF('Your videos'!$B$5:$B$404,$A12) | C12: =SUMIF('Your videos'!$B$5:$B$404,$A12,'Your videos'!$C$5:$C$404) | D12: =IF(B12=0,0,C12/B12) | E12: =SUMIF('Your videos'!$B$5:$B$404,$A12,'Your videos'!$D$5:$D$404) | F12: =IF(C12=0,"",E12/C12) | G12: =IF(B12<4,"",RANK(D12,$D$5:$D$24)) | H12: =IF(B12<4,"need 4 videos",IF(COUNTIF($B$5:$B$24,">=4")<4,"keep going",IF(SUMPRODUCT(($B$5:$B$24>=4)*($D$5:$D$24<D12))<2,"CUT","keep")))
A13: Street and public interview | B13: =COUNTIF('Your videos'!$B$5:$B$404,$A13) | C13: =SUMIF('Your videos'!$B$5:$B$404,$A13,'Your videos'!$C$5:$C$404) | D13: =IF(B13=0,0,C13/B13) | E13: =SUMIF('Your videos'!$B$5:$B$404,$A13,'Your videos'!$D$5:$D$404) | F13: =IF(C13=0,"",E13/C13) | G13: =IF(B13<4,"",RANK(D13,$D$5:$D$24)) | H13: =IF(B13<4,"need 4 videos",IF(COUNTIF($B$5:$B$24,">=4")<4,"keep going",IF(SUMPRODUCT(($B$5:$B$24>=4)*($D$5:$D$24<D13))<2,"CUT","keep")))
A14: Fitness, gym and yoga | B14: =COUNTIF('Your videos'!$B$5:$B$404,$A14) | C14: =SUMIF('Your videos'!$B$5:$B$404,$A14,'Your videos'!$C$5:$C$404) | D14: =IF(B14=0,0,C14/B14) | E14: =SUMIF('Your videos'!$B$5:$B$404,$A14,'Your videos'!$D$5:$D$404) | F14: =IF(C14=0,"",E14/C14) | G14: =IF(B14<4,"",RANK(D14,$D$5:$D$24)) | H14: =IF(B14<4,"need 4 videos",IF(COUNTIF($B$5:$B$24,">=4")<4,"keep going",IF(SUMPRODUCT(($B$5:$B$24>=4)*($D$5:$D$24<D14))<2,"CUT","keep")))
A15: Reaction | B15: =COUNTIF('Your videos'!$B$5:$B$404,$A15) | C15: =SUMIF('Your videos'!$B$5:$B$404,$A15,'Your videos'!$C$5:$C$404) | D15: =IF(B15=0,0,C15/B15) | E15: =SUMIF('Your videos'!$B$5:$B$404,$A15,'Your videos'!$D$5:$D$404) | F15: =IF(C15=0,"",E15/C15) | G15: =IF(B15<4,"",RANK(D15,$D$5:$D$24)) | H15: =IF(B15<4,"need 4 videos",IF(COUNTIF($B$5:$B$24,">=4")<4,"keep going",IF(SUMPRODUCT(($B$5:$B$24>=4)*($D$5:$D$24<D15))<2,"CUT","keep")))
A16: Dancing | B16: =COUNTIF('Your videos'!$B$5:$B$404,$A16) | C16: =SUMIF('Your videos'!$B$5:$B$404,$A16,'Your videos'!$C$5:$C$404) | D16: =IF(B16=0,0,C16/B16) | E16: =SUMIF('Your videos'!$B$5:$B$404,$A16,'Your videos'!$D$5:$D$404) | F16: =IF(C16=0,"",E16/C16) | G16: =IF(B16<4,"",RANK(D16,$D$5:$D$24)) | H16: =IF(B16<4,"need 4 videos",IF(COUNTIF($B$5:$B$24,">=4")<4,"keep going",IF(SUMPRODUCT(($B$5:$B$24>=4)*($D$5:$D$24<D16))<2,"CUT","keep")))
... A24: Stranger chat | B24: =COUNTIF('Your videos'!$B$5:$B$404,$A24) | C24: =SUMIF('Your videos'!$B$5:$B$404,$A24,'Your videos'!$C$5:$C$404) | D24: =IF(B24=0,0,C24/B24) | E24: =SUMIF('Your videos'!$B$5:$B$404,$A24,'Your videos'!$D$5:$D$404) | F24: =IF(C24=0,"",E24/C24) | G24: =IF(B24<4,"",RANK(D24,$D$5:$D$24)) | H24: =IF(B24<4,"need 4 videos",IF(COUNTIF($B$5:$B$24,">=4")<4,"keep going",IF(SUMPRODUCT(($B$5:$B$24>=4)*($D$5:$D$24<D24))<2,"CUT","keep")))
A27: Your month so far
A28: Videos you have added views for | C28: =COUNT('Your videos'!$C$5:$C$404)
A29: Total views | C29: =SUM('Your videos'!$C$5:$C$404)
A30: Views that came from your best fifth | C30: =IFERROR(SUMIF('Your videos'!$C$5:$C$404,">="&LARGE('Your videos'!$C$5:$C$404,MAX(1,ROUND(COUNT('Your videos'!$C$5:$C$404)*0.2,0))))/SUM('Your videos'!$C$5:$C$404),"")
A31: Views that came from your worst fifth | C31: =IFERROR(SUMIF('Your videos'!$C$5:$C$404,"<="&SMALL('Your videos'!$C$5:$C$404,MAX(1,ROUND(COUNT('Your videos'!$C$5:$C$404)*0.2,0))))/SUM('Your videos'!$C$5:$C$404),"")
A32: Your strongest kind of video | C32: =IFERROR(INDEX($A$5:$A$24,MATCH(MAX($D$5:$D$24),$D$5:$D$24,0)),"")
A34: For comparison: across 1,300 Feral posts, the best fifth pulled 85.2% of all the views and the worst fifth pulled 0.3%. If your best fifth is well under 80%, nothing has taken off yet. The answer then is more videos, not a different kind of video.
